medical,24
emergencies,3
demand,2
immediate,3
action,2
access,3
finances,3
increasing,3
inflation,4
every,3
having,3
health,57
insurance,78
become,2
importanta,1
policy,34
provides,4
financial,3
security,3
individuals,5
critical,5
times,3
procuring,2
best,4
receive,2
right,4
treatment,8
without,5
worrying,4
financesget,1
family,11
lakh,2
within,2
few,4
minutes,2
premiums,4
starting,2
apply,2
benefits,5
insuranceheres,1
choosing,1
plan,21
important,2
cashless,2
helps,2
avail,7
facilities,2
network,1
hospitals,1
fund,1
covers,3
cost,2
incurred,2
required,5
before,7
hospitalisation,3
after,2
depending,5
taken,2
most,1
plans,17
cover,8
transportation,1
costs,1
commuting,1
insured,5
person,3
hospital,1
if,8
routine,1
periodic,1
examinations,1
providers,6
offering,1
free,2
checkups,2
policyholders,1
premium,3
paid,2
towards,3
deductible,1
under,14
taxable,1
income,3
per,4
sections,1
tax,6
act,2
types,2
policieshere,1
are,10
different,5
categories,1
only,2
individualinsured,1
individual,5
entitled,1
claim,6
sum,4
assured,1
floater,3
members,2
single,2
chosen,3
applies,1
used,1
entirely,1
member,2
multiple,1
active,1
groupemployee,1
policies,9
expenses,11
employees,1
against,2
unforeseen,2
group,2
generally,4
lower,2
average,1
offers,2
wide,1
coverage,8
who,2
years,10
above,4
senior,3
citizen,2
designed,2
exclusively,1
care,2
such,2
need,2
undergo,1
checkup,1
usual,1
lifethreatening,1
serious,1
diseases,4
standalone,1
rider,2
treatments,1
illnesses,3
cancer,2
kidney,1
failure,1
heart,3
attack,1
etc,1
offer,3
huge,1
amount,2
compensation,3
policyholder,1
fall,1
ambit,1
topup,1
lets,1
scale,1
affordable,1
expenditure,1
arises,1
illness,3
existing,4
threshold,1
enough,1
personal,2
accident,3
protects,1
result,1
may,6
lead,1
death,1
disability,1
injury,1
situations,1
purchased,1
independently,1
already,3
provide,2
especially,2
healthcare,3
rise,1
rapidly,1
changing,1
lifestyle,1
habits,1
pollution,1
evolution,1
expensive,1
prevent,1
outofpocketexpenditures,1
sudden,1
emergencieshealth,1
customised,1
needs,2
providing,1
kinds,1
issues,1
enable,2
timely,1
quality,1
solutions,1
keep,1
savings,1
intact,1
financially,1
future,2
better,2
eligibility,3
criteria,2
differ,1
insurers,3
terms,6
conditions,9
common,1
mentioned,2
policiesindividuals,2
between,2
age,6
policydependent,1
children,1
bracket,1
days,6
covered,2
tailored,1
citizensnote,1
require,1
minimum,1
documentation,1
including,2
application,1
form,1
accurately,1
filled,1
signed,1
however,5
test,1
over,2
certain,1
bajaj,3
finserv,3
trusted,1
brand,1
interest,1
maintaining,1
high,1
credibility,1
transparency,1
levels,1
unbiased,1
guidance,1
ensure,1
choose,7
works,1
reliable,1
partners,1
suit,1
requirements,1
tips,1
help,1
familyknow,1
coverages,1
provided,2
suits,1
bestknow,1
addon,1
features,1
any,5
would,1
optin,1
forknow,1
applicable,1
sublimits,1
capping,1
room,1
rent,1
doctors,2
fees,2
tests,2
etccheck,1
inclusions,1
exclusions,1
carefullyknow,1
settlement,1
procedures,1
reimbursementknow,1
acceptance,1
type,1
allows,2
opt,1
mediclaim,1
fixed,1
youre,1
looking,2
medication,1
diagnostic,1
hospitalization,1
option,1
preexisting,6
define,1
refers,1
ones,1
history,1
disease,1
asthma,1
cholesterol,1
thyroid,1
diabetes,1
among,1
others,1
diagnosed,2
suffering,1
through,1
enrolling,1
depends,2
provider,4
waiting,12
period,17
during,3
cannot,2
raise,1
claims,3
vary,3
duration,2
buy,2
till,1
called,1
made,1
around,2
block,1
accepted,2
companyevery,1
company,3
according,1
whereas,1
wait,1
longer,1
offered,1
buying,2
avoid,1
confusion,1
yes,4
qualifies,1
benefit,5
section,1
qualify,1
taxdeduction,1
deduction,1
below,2
while,1
paying,1
parents,1
heshe,1
upgrade,3
planning,1
must,5
check,3
insurer,5
options,1
available,1
upgradation,1
special,1
enrolment,1
growing,1
wise,1
maximum,1
upgrading,1
payhike,1
added,1
child,1
almost,2
incorporated,1
offerings,1
companies,2
prehospitalisation,1
posthospitalisation,1
inpatient,1
outpatient,1
home,4
isolation,2
understand,1
covering,1
contact,2
quarantine,1
doctor,1
advised,1
condition,2
port,1
another,1
compromising,1
facility,1
cancel,1
switch,1
case,2
dont,1
good,1
change,1
renewal,1
expires,1
intimate,1
both,2
providersexisting,1
wish,1
transfer,1
recommended,1
portability,1
importance,1
documents,1
why,1
things,1
consider,1
frequently,1
asked,1
question,1
faqs,1
