home most,1
most valuable,1
valuable possession,1
possession enough,1
enough protect,1
protect lose,1
lose lifes,1
lifes savings,1
savings case,1
case fire,1
fire natural,1
natural calamity,1
calamity even,1
even valuable,1
valuable items,1
items case,1
case burglary,2
burglary what,1
what next,1
next step,1
step home,1
home insurance,3
insurance provide,1
provide protection,1
protection both,1
both structure,1
structure valuable,1
valuable contents,2
contents home,2
 any,1
any losses,1
losses due,1
due fire,1
fire floods,1
floods earthquake,1
earthquake natural,1
natural manmade,1
manmade calamities,1
calamities loss,1
loss valuable,1
home case,1
burglary cover,1
cover jewellery,1
jewellery valuables,1
valuables works,1
works art,1
art additional,1
additional benefit,1
benefit rent,1
rent alternate,1
alternate accommodation,1
accommodation temporary,1
temporary resettlement,2
resettlement addon,1
addon benefits,2
benefits keys,1
keys lock,1
lock replacement,1
replacement liability,1
liability cover,1
cover loss,1
loss rent,2
rent etc,1
touch us,1
comprehensive coverage,1
coverage related,1
related home,1
home under,1
under umbrella,1
umbrella policy,1
option insure,1
insure either,1
either flatapartmentbuilding,1
flatapartmentbuilding only,1
only contents,1
contents only,1
only both,1
several home,1
insurance plan,1
plan types,1
types various,1
various coverage,1
coverage options,1
options choose,1
secure home,1
home period,1
period years,1
years once,1
customize policy,1
policy range,1
range addon,1
keys locks,1
locks replacement,1
atm withdrawal,1
withdrawal robbery,1
robbery cover,1
lost wallet,1
wallet cover,1
pet insurance,1
affordable premium,1
premium attractive,1
attractive rebates,1
youll surprised,1
surprised easy,1
easy group,1
group home,1
insurance policy,1
policy bajaj,1
bajaj finance,3
finance ltd,1
ltd fill,1
fill details,1
details page,1
page us,1
us missed,1
missed call,1
call touch,1
touch through,1
through process,1
process disclaimer,1
disclaimer conditions,1
conditions apply,1
apply product,1
product offered,1
offered under,1
under group,1
group insurance,1
insurance scheme,1
scheme wherein,1
wherein bajaj,1
finance limited,2
limited master,1
master policyholder,1
policyholder insurance,1
insurance coverage,2
coverage provided,1
provided partner,1
partner insurance,1
insurance company,1
company bajaj,1
limited does,1
does underwrite,1
underwrite risk,1
risk irdai,1
irdai corporate,1
corporate agency,1
agency registration,1
registration number,1
number above,1
above mentioned,1
mentioned benefits,1
benefits premium,1
premium amount,1
amount are,1
are subject,1
subject various,1
various factors,1
factors such,1
such age,1
age insured,1
insured lifestyle,1
lifestyle habits,1
habits health,1
health etc,1
etc if,1
if applicable,1
applicable bfl,1
bfl does,2
does hold,1
hold any,1
any responsibility,1
responsibility issuance,1
issuance quality,1
quality serviceability,1
serviceability maintenance,1
maintenance any,1
any claims,1
claims post,1
post sale,1
sale product,1
product provides,1
provides insurance,1
coverage purchase,1
purchase product,1
product purely,1
purely voluntary,1
voluntary nature,1
nature bfl,1
does compel,1
compel any,1
any customers,1
customers mandatorily,1
mandatorily purchase,1
purchase any,1
any third,1
third party,1
party products,1
features benefits,1
eligibility criteria,1
