life comes,2
comes risks,2
risks unforeseen,2
unforeseen incidents,2
incidents put,2
put familys,2
familys financial,2
financial security,2
security jeopardy,2
jeopardy thought,2
thought life,2
life insurance,11
insurance plan,4
plan cover,2
cover family,4
family such,2
such times,2
times right,2
right life,2
insurance cover,2
family enjoy,2
enjoy host,2
host benefits,2
benefits exclusively,2
exclusively products,2
products life,2
insurance policy,4
policy secured,2
secured protecting,2
protecting family,2
family financially,2
financially unforeseen,2
unforeseen eventuality,2
eventuality demise,2
demise disability,2
disability critical,2
critical illness,5
illness means,2
means certain,2
certain addons,2
addons lets,2
lets options,2
options consider,2
consider according,2
according requirements,2
requirements life,2
simplest cheapest,1
cheapest form,1
form insurance,1
insurance designed,1
designed offer,1
offer financial,1
financial protection,1
protection specified,1
specified tenure,1
tenure insures,1
insures family,1
family gets,1
gets lump,1
lump sum,3
sum amount,2
amount ie,1
ie sum,1
sum assured,1
assured after,1
after death,1
death lead,1
lead financially,2
financially stable,1
stable life,1
life however,1
however if,1
if survived,1
survived term,1
term period,1
period insurer,1
insurer pays,1
pays nothing,1
ulip unit,1
unit linked,1
linked insurance,1
insurance plans,2
plans portion,1
portion premium,1
premium goes,1
goes towards,1
towards providing,1
providing life,1
life cover,2
cover while,1
while remaining,1
remaining portion,1
portion invested,1
invested equities,1
equities debts,1
debts investment,1
investment portion,1
portion ulip,1
ulip subject,1
subject market,1
market volatility,1
increasing education,1
education cost,1
cost causing,1
causing uneasiness,1
uneasiness among,1
among parents,1
parents therefore,1
therefore best,1
best invest,1
invest good,1
good childrens,1
childrens insurance,1
plan secured,1
secured life,2
life child,1
child even,1
even absence,1
absence child,1
child life,1
plan offers,1
offers lump,1
amount beneficiary,1
beneficiary ie,1
ie child,1
child death,1
death policy,1
policy holder,1
pensioners insurance,1
plans are,1
are offered,1
offered life,1
insurance companies,1
companies help,1
help individual,1
individual build,1
build retirement,1
retirement corpus,1
corpus money,1
money helps,1
helps person,1
person lead,1
financially secured,1
life even,1
even after,1
after retirement,1
retirement case,1
case unfortunate,1
unfortunate death,2
death policyholder,1
policyholder nominee,1
nominee either,1
either lumpsum,1
lumpsum receive,1
receive regular,1
regular pension,1
pension rest,1
rest policy,1
policy tenure,1
meantime call,2
call us,2
 premium,1
premium advantage,1
advantage life,1
cover low,1
low cost,1
cost payout,1
payout options,2
options choose,1
choose lump,1
sum monthly,1
monthly payout,1
options unfortunate,1
death maturity,1
maturity policy,1
policy term,2
term select,1
select insurance,1
term ranging,1
ranging years,1
years joint,1
joint life,1
life coverage,1
coverage single,1
single policy,1
policy include,1
include spouse,1
spouse existing,1
existing policy,1
policy supplementary,1
supplementary income,1
income case,1
case loss,1
loss income,1
income due,1
due accidental,1
accidental disability,1
disability illness,1
illness critical,1
illness lumpsum,1
lumpsum amount,1
amount if,1
if diagnosed,1
diagnosed critical,1
illness additional,1
additional benefits,1
benefits additional,1
additional sum,1
sum insured,1
insured case,1
case accidental,1
accidental death,1
death preferred,1
preferred rates,1
rates nonsmokers,1
nonsmokers tax,1
tax exemptions,1
exemptions tax,1
tax exemption,1
exemption us,1
us indian,1
indian income,1
income tax,1
tax act,1
act premiums,1
premiums paid,1
paid critical,1
illness benefit,1
benefit qualifies,1
qualifies deduction,1
deduction under,1
under section,1
youll surprised,1
surprised easy,1
easy life,1
policy bajaj,1
bajaj finserv,1
finserv even,1
even if,1
if youve,1
youve never,1
never used,1
used services,1
services before,1
before fill,1
fill details,1
details page,1
page us,1
us missed,1
missed call,1
call touch,1
touch through,1
through process,1
things consider,1
consider before,1
before buy,1
disclaimer conditions,1
conditions apply,1
apply product,1
product offered,1
offered under,1
under group,1
group insurance,1
insurance scheme,1
scheme wherein,1
wherein bajaj,1
bajaj finance,2
finance limited,2
limited master,1
master policyholder,1
policyholder insurance,1
insurance coverage,2
coverage provided,1
provided partner,1
partner insurance,1
insurance company,1
company bajaj,1
limited does,1
does underwrite,1
underwrite risk,1
risk irdai,1
irdai corporate,1
corporate agency,1
agency registration,1
registration number,1
number above,1
above mentioned,1
mentioned benefits,1
benefits premium,1
premium amount,1
amount are,1
are subject,1
subject various,1
various factors,1
factors such,1
such age,1
age insured,1
insured lifestyle,1
lifestyle habits,1
habits health,1
health etc,1
etc if,1
if applicable,1
applicable bfl,1
bfl does,2
does hold,1
hold any,1
any responsibility,1
responsibility issuance,1
issuance quality,1
quality serviceability,1
serviceability maintenance,1
maintenance any,1
any claims,1
claims post,1
post sale,1
sale product,1
product provides,1
provides insurance,1
coverage purchase,1
purchase product,1
product purely,1
purely voluntary,1
voluntary nature,1
nature bfl,1
does compel,1
compel any,1
any customers,1
customers mandatorily,1
mandatorily purchase,1
purchase any,1
any third,1
third party,1
party products,1
features benefits,1
