motor policy covers,1
policy covers cars,1
covers cars bikes,1
cars bikes scooters,1
bikes scooters vehicles,1
scooters vehicles against,1
vehicles against loss,1
against loss due,1
loss due theft,1
due theft physical,1
theft physical damage,1
physical damage accidents,1
damage accidents natural,1
accidents natural manmade,1
natural manmade calamities,1
manmade calamities liability,1
calamities liability third,1
liability third party,1
third party damageinjury,1
party damageinjury comprehensive,1
damageinjury comprehensive motor,1
comprehensive motor insurance,1
motor insurance typically,1
insurance typically covers,1
typically covers forown,1
covers forown damage,1
forown damage od,1
damage od coverage,2
od coverage against,2
coverage against loss,2
against loss damage,2
loss damage insured,2
damage insured vehiclethird,1
insured vehiclethird party,1
vehiclethird party liability,1
party liability tp,2
liability tp caused,2
tp caused injurydeath,2
caused injurydeath third,2
injurydeath third party,2
third party damage,2
party damage propertypersonal,1
damage propertypersonal accident,1
propertypersonal accident coverage,1
accident coverage copassengers,2
coverage copassengers driveraddon,1
copassengers driveraddon covers,1
driveraddon covers zero,1
covers zero depreciation,2
zero depreciation cover,2
depreciation cover claim,2
cover claim bonus,2
claim bonus protection,2
bonus protection key,2
protection key replacement,2
key replacement roadside,2
replacement roadside assistancethe,1
roadside assistancethe premium,1
assistancethe premium amount,1
premium amount insurance,2
amount insurance decided,2
insurance decided basis,2
decided basis insured,2
basis insured declared,2
insured declared value,2
declared value idv,2
value idv vehicle,2
idv vehicle model,2
vehicle model past,2
model past claim,2
past claim history,2
claim history quote,2
history quote buy,2
quote buy policy,2
buy policy instantly,2
policy instantly online,2
own damage od,1
damage insured vehicle,1
third party liability,1
party damage property,1
personal accident coverage,1
coverage copassengers driver,1
addon covers zero,1
replacement roadside assistance,1
 riot strike,1
riot strike fire,1
strike fire burglary,1
fire burglary terrorism,1
burglary terrorism act,1
terrorism act earthquakes,1
act earthquakes landslides,1
earthquakes landslides flood,1
landslides flood storm,1
flood storm natural,1
storm natural calamities,1
meantime call us,1
online premium calculation,1
premium calculation instant,1
calculation instant purchase,1
support days telephone,1
days telephone assistance,1
telephone assistance claim,1
assistance claim settlement,1
cashless claim settlement,1
claim bonus ncb,1
bonus ncb transfer,1
ncb transfer any,1
transfer any motor,1
any motor insurance,1
motor insurance provider,1
easy inspection service,1
inspection service preferred,1
service preferred garages,1
daily allowance while,1
allowance while vehicle,1
while vehicle garage,1
return invoice event,1
invoice event theft,1
event theft damage,1
theft damage due,1
damage due collision,1
repair glass fibre,1
glass fibre plastic,1
fibre plastic rubber,1
plastic rubber parts,1
loss personal belongings,1
emergency transport hotel,1
transport hotel expenses,1
tyre secure consumable,1
secure consumable expenses,1
road side assistance,1
youll surprised easy,1
surprised easy group,1
easy group motor,1
group motor insurance,1
motor insurance policy,1
insurance policy bajaj,1
policy bajaj finance,1
bajaj finance ltd,1
finance ltd fill,1
ltd fill details,1
fill details page,1
details page us,1
page us missed,1
us missed call,1
missed call touch,1
call touch through,1
touch through process,1
through process checklist,1
process checklist before,1
checklist before applykeep,1
before applykeep vehicle,1
applykeep vehicle details,1
vehicle details ready,1
details ready purchase,1
ready purchase rc,1
purchase rc documentprevious,1
rc documentprevious insurance,1
documentprevious insurance policy,1
insurance policy detailsdecide,1
policy detailsdecide what,1
detailsdecide what type,1
what type motor,1
type motor insurance,1
motor insurance would,1
insurance would buyaddon,1
would buyaddon benefits,1
buyaddon benefits opt,1
benefits opt forprocess,1
opt forprocess apply,1
forprocess apply claimsdisclaimer,1
apply claimsdisclaimer conditions,1
claimsdisclaimer conditions apply,1
conditions apply product,2
apply product offered,2
product offered under,2
offered under group,2
under group insurance,2
group insurance scheme,2
insurance scheme wherein,2
scheme wherein bajaj,2
wherein bajaj finance,2
bajaj finance limited,4
finance limited master,2
limited master policyholder,2
master policyholder insurance,2
policyholder insurance coverage,2
insurance coverage provided,2
coverage provided partner,2
provided partner insurance,2
partner insurance company,2
insurance company bajaj,2
company bajaj finance,2
finance limited does,2
limited does underwrite,2
does underwrite risk,2
underwrite risk irdai,2
risk irdai corporate,2
irdai corporate agency,2
corporate agency registration,2
agency registration number,2
registration number above,2
number above mentioned,2
above mentioned benefits,2
mentioned benefits premium,2
benefits premium amount,2
premium amount are,2
amount are subject,2
are subject various,2
subject various factors,2
various factors such,2
factors such age,2
such age insured,2
age insured lifestyle,2
insured lifestyle habits,2
lifestyle habits health,2
habits health etc,2
health etc if,2
etc if applicable,2
if applicable bfl,2
applicable bfl does,2
bfl does hold,2
does hold any,2
hold any responsibility,2
any responsibility issuance,2
responsibility issuance quality,2
issuance quality serviceability,2
quality serviceability maintenance,2
serviceability maintenance any,2
maintenance any claims,2
any claims post,2
claims post sale,2
post sale product,2
sale product provides,2
product provides insurance,2
provides insurance coverage,2
insurance coverage purchase,2
coverage purchase product,2
purchase product purely,2
product purely voluntary,2
purely voluntary nature,2
voluntary nature bfl,2
nature bfl does,2
bfl does compel,2
does compel any,2
compel any customers,2
any customers mandatorily,2
customers mandatorily purchase,2
mandatorily purchase any,2
purchase any third,2
any third party,2
third party products,2
checklist before apply,1
disclaimer conditions apply,1
